<?xml version="1.0" encoding="UTF-8"?>
<beans xmlns="http://www.springframework.org/schema/beans"
	xmlns:xsi="http://www.w3.org/2001/XMLSchema-instance"
	xmlns:context="http://www.springframework.org/schema/context"
	xmlns:mybatis-spring="http://mybatis.org/schema/mybatis-spring"
	xsi:schemaLocation="http://mybatis.org/schema/mybatis-spring http://mybatis.org/schema/mybatis-spring-1.2.xsd
		http://www.springframework.org/schema/beans https://www.springframework.org/schema/beans/spring-beans.xsd
		http://www.springframework.org/schema/context http://www.springframework.org/schema/context/spring-context-4.3.xsd">

    <!-- Root Context: defines shared resources visible to all other web components -->
    <bean id="hikariConfig" class="com.zaxxer.hikari.HikariConfig">
        <property name="driverClassName" value="oracle.jdbc.OracleDriver" />
        <property name="jdbcUrl" value="jdbc:oracle:thin:@localhost:1521:XE" />
        <property name="username" value="kmr" />
        <property name="password" value="kmr" />
    </bean>

    <!-- HikariCP configuration -->
    <bean id="dataSource" class="com.zaxxer.hikari.HikariDataSource" destroy-method="close">
        <constructor-arg ref="hikariConfig" />
    </bean>

    <!-- MyBatis -->
    <bean id="sqlSessionFactory" class="org.mybatis.spring.SqlSessionFactoryBean">
        <property name="dataSource" ref="dataSource"></property>
    </bean>
    
    <!-- mybatis scan -->
    <mybatis-spring:scan base-package="com.company.mapper"/>

    <!-- Component scanning for beans in the specified package -->
    <context:component-scan base-package="com.company.sample" />

</beans>
